OBJECTID,WARDNAME,WardCode,SHAPE_Length,SHAPE_Area
1,ABBEY,N08000101,5294.736243702,910177.770938531
2,ALDERGROVE,N08000102,66381.7090718999,156140469.060089
3,ANTRIM CENTRE,N08000103,17138.1292095721,10622594.7609246
4,BALLYCLARE EAST,N08000104,8187.62227484325,1828544.06810916
5,BALLYCLARE WEST,N08000105,8309.9556854044,1781777.72743551
6,BALLYDUFF,N08000106,5162.5954045829,1042577.50604691
7,BALLYHENRY,N08000107,5462.36768943409,860601.504584619
8,BALLYNURE,N08000108,45078.1910585267,43194778.7768501
9,BALLYROBERT,N08000109,23662.5710079029,16558017.497594
10,BURNTHILL,N08000110,5730.84268261756,958431.25793911
11,CARNMONEY,N08000111,4176.08500600761,611316.932781673
12,CARNMONEY HILL,N08000112,10031.6865598528,3464577.83031054
13,COLLINBRIDGE,N08000114,9599.49858175531,4330528.43357219
14,CRANFIELD,N08000115,55423.5934285387,58102220.0694904
15,CRUMLIN,N08000116,18594.801197408,13034897.8877861
16,DOAGH,N08000117,19734.7707589912,14604119.7303811
17,FAIRVIEW,N08000118,3318.33474048917,555216.028028206
18,FOUNTAIN HILL,N08000119,7716.31356842222,1753578.39299636
19,GLEBE,N08000120,5038.70729564597,790496.490053298
20,GLENGORMLEY,N08000121,4842.89742318231,780188.562638062
21,GREYSTONE,N08000122,4818.8766242647,919492.348813514
22,JORDANSTOWN,N08000124,11500.1654371327,6175575.6337241
23,MALLUSK,N08000125,18860.9645931557,17038713.4433868
24,MONKSTOWN,N08000126,5805.44386141543,1495271.39048153
25,MOSSLEY,N08000127,14869.4913907486,7010020.68051857
26,O'NEILL,N08000128,5721.27053078204,907073.954246965
27,PARKGATE,N08000129,55197.8291745035,77613544.9456444
28,RANDALSTOWN,N08000130,21360.8223873744,16784900.0807308
29,RATHCOOLE,N08000131,3825.67656157618,660612.626554174
30,ROSTULLA,N08000132,7310.36252701467,2518184.88276833
31,SHILVODAN,N08000133,48998.6646053686,56886808.4355037
32,SPRINGFARM,N08000134,9720.28317199373,4654476.55177864
33,STEEPLE,N08000135,4483.16603145686,999673.306927208
34,STILES,N08000136,10683.79236414,4555337.85332952
35,TEMPLEPATRICK,N08000137,35816.5515250722,36115936.2631584
36,TOOME,N08000138,47397.6821741883,85177522.2438229
37,VALLEY,N08000139,10620.5935962493,2491523.1785699
38,WHITEHOUSE,N08000140,7845.38446602803,1616142.07357778
39,AGHAGALLON,N08000201,48809.6596736189,103795439.802836
40,BALLYBAY,N08000202,15221.6471438421,7773329.44054589
41,BANBRIDGE EAST,N08000203,35667.186889174,36084685.0536157
42,BANBRIDGE NORTH,N08000204,12612.3386607302,5732759.99747335
43,BANBRIDGE SOUTH,N08000205,7867.19059200922,2365544.24505111
44,BANBRIDGE WEST,N08000206,8805.90836719745,2206516.38675343
45,BLACKWATERTOWN,N08000207,67258.2886699161,90725120.2687417
46,BLEARY,N08000208,25533.6989965703,14518771.3622003
47,BROWNLOW,N08000209,9432.2104652024,3885640.80363847
48,CATHEDRAL,N08000210,11694.6415479413,4556192.74267431
49,CORCRAIN,N08000211,6200.56603062959,1607076.07525201
50,CRAIGAVON CENTRE,N08000212,18468.7535473905,11940919.7275089
51,DEMESNE,N08000213,11851.291593554,4735451.63535629
52,DERRYTRASNA,N08000214,40579.5497080073,70787752.6297939
53,DONAGHCLONEY,N08000215,39702.7115537979,43745997.7258384
54,DROMORE,N08000216,16124.576824986,9586071.58706886
55,GILFORD,N08000217,33011.1292142738,39624122.8489446
56,GRANSHA,N08000218,55129.9500597821,75197796.6167534
57,HAMILTONSBAWN,N08000219,59933.6556844608,70349265.1944149
58,KEADY,N08000220,50000.5485081633,71543356.0939464
59,KERNAN,N08000221,15618.8714524977,8179402.75758276
60,KNOCKNASHANE,N08000223,7195.37509574162,1580807.20657054
61,LOUGH ROAD,N08000224,6956.12004492145,1947275.11469331
62,LOUGHBRICKLAND,N08000225,65767.2113098001,88854320.2232736
63,LOUGHGALL,N08000226,53072.5863178389,69807383.3635544
64,MAGHERALIN,N08000227,21757.5841143227,14218207.7812316
65,MAHON,N08000228,24675.0026718116,18715913.2221266
66,MARKETHILL,N08000229,61645.392670658,89165502.5876582
67,MOURNEVIEW,N08000230,6957.90094570191,1746428.18211789
68,NAVAN,N08000231,69056.3287562506,100138031.793806
69,PARKLAKE,N08000232,8492.93626996199,2873780.97150604
70,QUILLY,N08000233,45328.3199168291,46615093.0807188
71,RATHFRILAND,N08000234,47746.4682706044,56260964.6895054
72,RICHHILL,N08000235,38607.8647066103,36422258.2025408
73,SEAGAHAN,N08000236,63504.5013792429,117174241.842547
74,SHANKILL,N08000237,6459.50706776663,1826206.1692522
75,TANDRAGEE,N08000238,22020.7958486018,12308297.157743
76,THE BIRCHES,N08000239,56744.9841972228,77409232.1604343
77,THE MALL,N08000240,12617.154570409,5562599.30109646
78,WARINGSTOWN,N08000241,17712.9334730384,11841506.8376197
79,ANDERSONSTOWN,N08000301,5110.53282423366,978389.528933926
80,ARDOYNE,N08000302,3127.16849763629,536360.309150252
81,BALLYGOMARTIN,N08000303,9185.17706735708,2752274.08107707
82,BALLYMACARRETT,N08000304,4495.58084055077,988772.139649258
83,BALLYMURPHY,N08000305,4676.91735571037,810663.136280843
84,BALLYSILLAN,N08000306,5179.69168294134,1052957.51059645
85,BEECHMOUNT,N08000307,5096.27894520913,862326.178365458
86,BEERSBRIDGE,N08000308,4971.12717236262,950753.611845716
87,BELLEVUE,N08000309,8986.39183579396,3331723.58404055
88,BELMONT,N08000310,5285.76975311267,1437678.77838436
89,BELVOIR,N08000311,14491.8736277289,5466011.64131814
90,BLACKSTAFF,N08000312,9090.86987665101,2564871.78266816
91,BLOOMFIELD,N08000313,4223.44391743377,815785.566745232
92,CENTRAL,N08000315,9607.09952477336,2809598.3186264
93,CHICHESTER PARK,N08000316,6253.93641978025,1178283.26938656
94,CLIFTONVILLE,N08000317,5516.41251742607,1136293.68752461
95,CLONARD,N08000318,4200.41313652986,785090.012545891
96,COLLIN GLEN,N08000319,15541.1617877152,9560699.64256509
97,CONNSWATER,N08000320,5177.54805564141,928155.274722339
98,CREGAGH,N08000321,4224.46349237514,846550.98490734
99,DUNCAIRN,N08000322,16935.3748697415,9578486.36373448
100,DUNMURRY,N08000323,7103.10499225767,1905341.00940992
101,FALLS,N08000324,5624.4639628193,1100558.54945589
102,FALLS PARK,N08000325,7731.98902563764,2210295.23803667
103,FINAGHY,N08000326,7409.51210035494,2592107.29026015
104,FORTH RIVER,N08000327,12360.4653690581,4336591.58114241
105,FORTWILLIAM,N08000328,4451.92495900271,876478.196850295
106,INNISFAYLE,N08000332,5583.4044112792,1271899.32142802
107,KNOCK,N08000333,4947.30359647671,1298303.31293073
108,LADYBROOK,N08000334,6215.06520994775,1105185.66874724
109,LAGMORE,N08000335,7357.80374725065,2172870.35422138
110,LEGONIEL,N08000336,16448.4290870766,8574443.42622854
111,MALONE,N08000337,6804.11693787643,2061528.72809584
112,MEROK,N08000338,5661.38495762395,1420238.60596377
113,MUSGRAVE,N08000339,7386.98422440962,1704730.4208592
114,NEW LODGE,N08000340,3991.07703320291,716162.397947742
115,ORANGEFIELD,N08000341,5820.09605796629,1255831.84068239
116,ORMEAU,N08000342,6290.10217576317,1463319.55992427
117,RAVENHILL,N08000344,4735.74026432333,1027004.93823036
118,ROSETTA,N08000345,6296.47318321115,1110802.31947466
119,SANDOWN,N08000346,5257.73437025953,938569.356486355
120,SHANKILL,N08000348,5033.02338433447,1112403.09695858
121,SHAW'S ROAD,N08000349,6226.78570577717,1744245.39088991
122,STRANMILLIS,N08000352,8158.42069622888,2467755.41316558
123,SYDENHAM,N08000353,13820.1861429424,9108169.62787171
124,TURF LODGE,N08000354,8956.25797956,2368833.13584239
125,TWINBROOK,N08000355,5477.19124796388,1414781.99475009
126,UPPER MALONE,N08000356,14721.1551836279,4322758.48062478
127,WATER WORKS,N08000357,6207.08930776868,1361575.69194177
128,WINDSOR,N08000358,5698.22194136661,1381021.70915591
129,WOODSTOCK,N08000359,4003.77725457566,666442.401508162
130,WOODVALE,N08000360,4357.11271564395,841573.230054164
131,AGHADOWEY,N08000401,67150.6340524187,118756802.384909
132,ALTAHULLION,N08000402,59920.7126328395,64304548.2883746
133,ATLANTIC,N08000403,17540.1813455363,5354319.38551494
134,BALLYCASTLE,N08000404,9801.66922550045,2346945.66011007
135,BALLYKELLY,N08000405,48661.83292424,57105052.7647224
136,BALLYMONEY EAST,N08000406,4648.19309656836,998102.399270521
137,BALLYMONEY NORTH,N08000407,8708.917608072,3595354.78612368
138,BALLYMONEY SOUTH,N08000408,13731.1591896504,7960523.66127604
139,CASTLEROCK,N08000409,25686.3246836614,18132254.0350547
140,CHURCHLAND,N08000410,5827.19687405788,1576995.58320782
141,CLOGH MILLS,N08000411,60568.6486994752,63628558.4164303
142,COOLESSAN,N08000412,5508.63748068199,1131323.64316332
143,DERVOCK,N08000413,50932.9004422005,61761237.7528977
144,DRUMSURN,N08000414,44033.9323316699,44186483.972974
145,DUNDOOAN,N08000415,54194.0446889062,78180787.3089103
146,DUNGIVEN,N08000416,71340.5477768755,134878670.48857
147,DUNLOY,N08000417,46122.892684033,66465480.6383798
148,FEENY,N08000418,73700.0824375757,99986459.8226182
149,GARVAGH,N08000419,43749.7579403411,75720803.077276
150,GIANT'S CAUSEWAY,N08000420,67691.1581079342,86080161.7212612
151,GREYSTEEL,N08000421,38740.651575139,36120770.7799936
152,GREYSTONE,N08000422,8105.33689034437,1124600.15302102
153,HOPEFIELD,N08000423,7343.5980229612,2087882.31910856
154,KILREA,N08000424,41208.2461530493,59738450.8995069
155,KINBANE,N08000425,55825.8084578068,83164415.7825836
156,LOUGHGUILE and STRANOCUM,N08000426,72726.8433480304,121741237.54543
157,LURIGETHAN,N08000427,46576.6411071746,69483366.8840387
158,MACOSQUIN,N08000428,57168.1921675807,88963994.1314703
159,MAGILLIGAN,N08000429,67817.5373105679,145014684.397694
160,MOUNTSANDEL,N08000430,9222.84411344602,3043295.9053909
161,PORTRUSH and DUNLUCE,N08000431,37835.7161027467,20702900.3791151
162,PORTSTEWART,N08000432,17591.4909755777,3764932.51269913
163,QUARRY,N08000433,6852.98027063956,1723036.26564107
164,RASHARKIN,N08000434,57186.9563800344,58963809.4660615
165,ROESIDE,N08000435,7325.27593785494,2106587.93145316
166,ROUTE,N08000436,37583.9982804255,33088551.3610792
167,UNIVERSITY,N08000438,8252.91887743563,2724475.17118969
168,WATERSIDE,N08000439,7371.48305110767,2116358.77800115
169,WINDY HALL,N08000440,8606.892613604,2914845.17974704
170,ARTIGARVAN,N08000501,38910.1160794363,48378691.3648006
171,BALLYCOLMAN,N08000502,6442.67974705303,1792243.27952356
172,BALLYMAGROARTY,N08000503,10185.6227036904,5235979.1847828
173,BRANDYWELL,N08000504,4695.53421083119,643066.042956415
174,CARN HILL,N08000505,4868.67623800004,1047262.9956787
175,CASTLEDERG,N08000506,25137.5646095259,22327186.5510349
176,CAW,N08000507,7021.8767001198,1653629.56054989
177,CITY WALLS,N08000508,5378.1853384147,1099931.65724017
178,CLAUDY,N08000509,51485.7830123425,82706948.6046453
179,CLONDERMOT,N08000510,8954.98906902338,2648984.09101564
180,CREGGAN,N08000511,4291.10550413611,674397.978544755
181,CREGGAN SOUTH,N08000512,4882.29865182155,1024862.60829574
182,DRUMAHOE,N08000514,9498.63915853681,2635539.15274591
183,DUNNAMANAGH,N08000515,72401.1509268292,136447299.063755
184,EBRINGTON,N08000516,8387.20126546778,2817227.5642887
185,EGLINTON,N08000517,24147.8846343721,14381960.2999895
186,ENAGH,N08000518,40005.26207835,44030714.5806648
187,FINN,N08000519,45621.3444192873,42500145.5590082
188,FOYLE SPRINGS,N08000520,4132.25109040465,855742.466289842
189,GALLIAGH,N08000521,4183.34809595005,900655.754235463
190,GLENDERG,N08000522,102021.520063876,212045658.445847
191,GLENELLY VALLEY,N08000523,109022.614695878,256897025.512491
192,KILFENNAN,N08000524,7887.81253729401,1620861.07853507
193,LISNAGELVIN,N08000525,4685.53645827729,815423.613026576
194,MADAM'S BANK,N08000526,6569.65579018389,2208316.16235103
195,NEW BUILDINGS,N08000527,12793.5934942483,5406335.71785132
196,NEWTOWNSTEWART,N08000528,52297.4010619337,87945640.3896875
197,NORTHLAND,N08000529,5782.57068310998,1292328.23382429
198,PARK,N08000530,68540.2149184595,121121666.902071
199,SHANTALLOW,N08000531,4119.64235309521,689595.323629323
200,SHERIFF'S MOUNTAIN,N08000533,25368.8371468397,21657072.8873139
201,SION MILLS,N08000534,28379.2065727627,24144304.0700643
202,SLIEVEKIRK,N08000536,55160.3748031329,72063473.3175408
203,STRABANE NORTH,N08000538,11103.1645504442,3938360.36316585
204,VICTORIA,N08000540,11991.6091829519,3635124.59571684
205,BELCOO and GARRISON,N08000602,104492.614966435,202263696.671991
206,BOHO CLEENISH and LETTERBREEN,N08000605,82916.1898441123,139993130.4873
207,COOLNAGARD,N08000609,7468.11707982682,2191005.83674959
208,DERRYGONNELLY,N08000611,83837.2752749811,160980555.154706
209,DERRYLIN,N08000612,54988.4876561289,105649728.851472
210,FLORENCE COURT and KINAWLEY,N08000621,80647.1385983629,163752148.833303
211,GORTRUSH,N08000623,11008.1360149099,3326941.03982722
212,KILLYCLOGHER,N08000625,7060.2399642513,1472386.73219539
213,MAGUIRESBRIDGE,N08000629,58637.3759036351,88700721.8192305
214,ROSSLEA,N08000634,55919.3943087323,95426483.8487622
215,ROSSORRY,N08000635,15820.7656111683,5745953.0034208
216,STRULE,N08000637,8496.14316101073,2341320.98124656
217,BALLINDERRY,N08000701,33431.7091176054,34393885.4590129
218,BALLYMACBRENNAN,N08000704,40062.7356063162,42419694.9102455
219,BALLYMACOSS,N08000705,5762.35762896399,1508374.31310441
220,BEECHILL,N08000706,7859.04535510178,2872202.95233907
221,BLARIS,N08000707,17644.8333699012,9608680.46606861
222,CAIRNSHILL,N08000708,5484.42844505624,835203.658965229
223,CARROWREAGH,N08000709,16052.0911831609,7394147.17453305
224,CARRYDUFF EAST,N08000710,21295.1647338962,12629445.5469758
225,CARRYDUFF WEST,N08000711,13469.6494417187,4229611.30397376
226,DERRYAGHY,N08000712,11852.1625255238,3410875.72208573
227,DROMARA,N08000713,36059.8450771298,42090188.4842377
228,DRUMBO,N08000714,29017.663136685,23745156.7153852
229,DUNDONALD,N08000715,9331.06531363225,2108454.60747626
230,GALWALLY,N08000717,5473.93834502945,1078657.52781779
231,GLENAVY,N08000718,37762.5882748806,32321313.9742381
232,GRAHAM'S BRIDGE,N08000719,6285.79076309769,991564.761344137
233,HARMONY HILL,N08000720,5877.30596949875,901866.97592417
234,HILDEN,N08000721,8422.63167686637,1503850.53603313
235,HILLHALL,N08000722,14792.2310250979,7575943.49984325
236,HILLSBOROUGH,N08000723,24314.7055207506,22694996.9298323
237,KNOCKMORE,N08000725,12992.9620391302,4227108.21690269
238,LAGAN,N08000726,44224.9886764614,44645924.568735
239,LAGAN VALLEY,N08000727,5278.14569342354,1036342.71974153
240,LAMBEG,N08000728,11236.2331931235,4370083.15500461
241,LISNAGARVEY,N08000729,4897.49279089973,748181.487067557
242,MAGHABERRY,N08000730,31218.7961721538,21400802.1247066
243,MAGHERALAVE,N08000731,6821.50606055264,1693528.41827167
244,MAZE,N08000732,21493.7318515196,17521385.0625554
245,MOIRA,N08000733,11181.404165287,3950392.29658644
246,NEWTOWNBREDA,N08000735,4589.31797800488,750772.405402188
247,OLD WARREN,N08000736,4643.71687849664,992816.507139363
248,RAVERNET,N08000737,37440.1002407853,35019650.866806
249,STONYFORD,N08000738,58175.9177760126,62657155.8444904
250,WALLACE PARK,N08000739,6964.59954680309,1926583.35146377
251,ACADEMY,N08000801,8046.44039736548,2609260.98024319
252,ARDEEVIN,N08000803,11170.6142968744,3434951.87737133
253,BALLEE and HARRYVILLE,N08000804,10926.6346377173,4170022.48848995
254,BALLYCARRY and GLYNN,N08000805,35099.238171112,45713094.0471797
255,BALLYKEEL,N08000806,6215.27225285916,1448731.13917515
256,BONEYBEFORE,N08000807,5205.74978384727,914517.952311385
257,BRAIDWATER,N08000808,7240.14799386121,1792272.91404257
258,BROUGHSHANE,N08000809,21645.6068086266,15733136.8697035
259,BURLEIGH HILL,N08000810,4983.02944011565,1137942.30869903
260,CAIRNCASTLE,N08000811,30180.9931512103,32193946.6745849
261,CARNLOUGH and GLENARM,N08000812,62608.9571919679,110485970.981912
262,CASTLE,N08000813,7613.32790115384,1312012.08253817
263,CASTLE DEMESNE,N08000814,7376.02094583027,1602217.08609721
264,CRAIGYHILL,N08000815,7025.14608340813,1783357.62775807
265,CULLYBACKEY,N08000816,12474.828224953,4945201.25084034
266,CURRAN and INVER,N08000817,13750.7569171288,4665109.11716553
267,FAIR GREEN,N08000818,6144.21907765261,1222003.63714152
268,GALGORM,N08000819,19114.1741328435,10037242.7892245
269,GARDENMORE,N08000820,7071.01321629637,1753110.19913994
270,GLENRAVEL,N08000821,50523.6617745953,87726219.806971
271,GLENWHIRRY,N08000822,80018.7040898564,114953266.144067
272,GORTALEE,N08000823,6024.12178043876,1168397.07754397
273,GRANGE,N08000824,47073.5451000327,60368297.1041692
274,GREENISLAND,N08000825,14588.2987528678,6296365.13846151
275,ISLANDMAGEE,N08000826,36220.2767819499,32741223.807794
276,KELLS,N08000827,32022.1223104466,21800531.1298977
277,KILROOT,N08000828,24503.6886190743,19261821.492952
278,KILWAUGHTER,N08000829,41604.6046011373,64586998.5163074
279,KIRKINRIOLA,N08000830,42838.2163837206,59511983.257567
280,LOVE LANE,N08000831,5080.15379113969,1196009.09599055
281,MAINE,N08000832,59904.8300303001,57007078.3388519
282,PARK,N08000833,5722.1811636856,1186109.52033028
283,PORTGLENONE,N08000834,35340.7847373942,39531756.3166752
284,SLEMISH,N08000835,78462.2104845463,179173451.911603
285,SUNNYLANDS,N08000836,4268.83381107508,824093.103374684
286,THE MAIDENS,N08000837,6440.28104045128,1414626.17742152
287,VICTORIA,N08000838,5664.34193816064,1660359.13573049
288,WHITEHEAD SOUTH,N08000839,13897.5740365881,7707233.10931697
289,WOODBURN,N08000840,38678.8079687199,49065453.0411604
290,ARDBOE,N08000901,54238.6629916525,137014195.78858
291,AUGHER and CLOGHER,N08000902,61898.4577014598,99936057.7972105
292,AUGHNACLOY,N08000903,61631.8709804004,83806629.2750123
293,BALLYGAWLEY,N08000904,52653.915491548,76779419.6445527
294,BALLYMAGUIGAN,N08000905,34813.5665790671,43373025.0491057
295,BALLYSAGGART,N08000906,9519.44280008612,3956837.52393458
296,BELLAGHY,N08000907,33440.8154620971,41715763.203515
297,CALEDON,N08000908,64679.7471406274,93775606.8682907
298,CASTLECAULFIELD,N08000909,39000.1555477865,41706759.6580434
299,CASTLEDAWSON,N08000910,35740.5401962991,34269840.3164906
300,COAGH,N08000911,47280.7305606162,41661665.5797985
301,COALISLAND SOUTH,N08000913,9653.31757303874,3093855.17860788
302,COOKSTOWN EAST,N08000914,13081.0221080524,4832844.36999524
303,COOKSTOWN SOUTH,N08000915,7962.31562949963,2217640.80766809
304,COOKSTOWN WEST,N08000916,7921.7917108516,2649082.86739819
305,COOLSHINNY,N08000917,46873.0324559653,63330079.9109951
306,DONAGHMORE,N08000918,61772.0295412484,62728150.1728112
307,DRAPERSTOWN,N08000919,50374.268289973,59241822.6397936
308,FIVEMILETOWN,N08000920,75291.7112711613,148755213.50793
309,GLEBE,N08000921,9710.77629187728,2576796.71016164
310,KILLYMAN,N08000922,33366.765854487,32326989.6868144
311,KILLYMEAL,N08000923,18516.4608827583,9935851.22117741
312,LISSAN,N08000924,63068.2924150491,83742230.8274427
313,LOUGHRY,N08000925,36849.6930878159,28203012.8039707
314,LOWER GLENSHANE,N08000926,55728.6238331958,81911137.5495898
315,MAGHERA,N08000927,10828.240287853,4248188.34556661
316,MOY,N08000928,31952.1643846868,33819127.5820171
317,MOYGASHEL,N08000929,14800.6326605976,5619173.28153044
318,MULLAGHMORE,N08000930,15064.2320065274,8442607.98486349
319,OAKLANDS,N08000931,66250.1394869542,112858783.771748
320,POMEROY,N08000932,53672.7078665867,74984546.7401266
321,STEWARTSTOWN,N08000933,56615.4077470113,66189894.8116934
322,SWATRAGH,N08000934,48229.1045701235,71432798.2279846
323,TAMLAGHT O'CRILLY,N08000935,41884.0357351334,50599938.8005859
324,THE LOUP,N08000936,41484.5130753419,68085012.7751169
325,TOBERMORE,N08000937,48548.3128019001,65020626.1900465
326,TOWN PARKS EAST,N08000938,7517.2364600111,1634443.12445793
327,VALLEY,N08000939,41209.6557521231,53445086.9391601
328,WASHING BAY,N08000940,32228.7832782884,42305290.9831692
329,ABBEY,N08001001,8271.76255893082,3295932.63615286
330,ANNALONG,N08001002,34099.9397677176,45191293.3257967
331,BALLYBOT,N08001003,7641.21717677285,2466372.11848506
332,BALLYDUGAN,N08001004,64404.8036653764,83918554.0624564
333,BALLYNAHINCH,N08001005,9513.74423041904,3627721.1235384
334,BALLYWARD,N08001006,75501.2508233189,121505466.21147
335,BINNIAN,N08001008,45841.1393428443,60800468.9645804
336,BURREN,N08001009,30113.5799250606,23649774.9275383
337,CAMLOUGH,N08001010,42487.9498082149,42186800.3884882
338,CASTLEWELLAN,N08001011,29927.094366964,24830817.1991638
339,CATHEDRAL,N08001012,14656.2281796732,6229122.40087921
340,CROSSGAR and KILLYLEAGH,N08001013,33678.7938637704,22207263.0153136
341,CROSSMAGLEN,N08001014,38950.4757157487,36447047.1895904
342,DAMOLLY,N08001015,6681.02368795576,2083689.41455498
343,DERRYBOY,N08001016,54250.6763455463,76113748.6546986
344,DERRYLECKAGH,N08001017,38117.8386983531,34752573.1621973
345,DONARD,N08001018,16781.7720222296,10284168.496575
346,DRUMALANE,N08001019,6882.48241972867,2362824.34842785
347,DRUMANESS,N08001020,41489.5003197965,36489918.4294586
348,DUNDRUM,N08001021,38823.4971765941,41744131.4662135
349,FATHOM,N08001022,40238.3550288445,40287893.251918
350,FORKHILL,N08001023,44752.8933976742,56662270.7254921
351,HILLTOWN,N08001024,55185.7099026942,84545194.4406842
352,KILKEEL,N08001025,16662.162057746,6074839.67671451
353,KILMORE,N08001026,51128.8822601664,62791453.3997679
354,LECALE,N08001028,64273.3581517376,55129954.5346507
355,LISNACREE,N08001029,62640.69746664,97205979.3650095
356,MAYOBRIDGE,N08001030,51119.82652163,62729750.0326038
357,MULLAGHBANE,N08001031,46879.4381137345,56115080.6335548
358,MURLOUGH,N08001032,22167.6679473129,11056962.7461901
359,NEWTOWNHAMILTON,N08001033,56502.0521313216,94269096.7833595
360,QUOILE,N08001034,31409.1131915581,33154985.5178268
361,ROSTREVOR,N08001035,31751.9850075472,35924378.8955468
362,SAINTFIELD,N08001036,21461.5101288201,15061789.5065888
363,ST. PATRICK'S,N08001037,7115.14165319134,1668840.37204514
364,STRANGFORD,N08001038,56021.7039601137,101552572.119417
365,TOLLYMORE,N08001039,61601.1313198359,109069152.143779
366,WARRENPOINT,N08001040,8336.39901834057,2217358.47900084
367,WHITECROSS,N08001041,44808.0079119492,67041024.2194148
368,BALLYCROCHAN,N08001101,6961.34765531307,2429667.87780629
369,BALLYGOWAN,N08001102,30481.8066098215,26939647.8267275
370,BALLYGRAINEY,N08001103,13339.3328185763,7209297.75818537
371,BALLYHOLME,N08001104,4778.85119892077,1060508.64566278
372,BALLYMAGEE,N08001105,6366.37180287525,1215941.1556423
373,BALLYWALTER,N08001106,39324.9683287875,53901091.4753319
374,BLOOMFIELD,N08001107,6296.70072385807,1506459.76359094
375,BROADWAY,N08001108,5217.28360274229,1508017.10527728
376,BRYANSBURN,N08001109,5467.28972783143,1273482.75936577
377,CARROWDORE,N08001110,41985.1499107107,52174303.9454951
378,CASTLE,N08001111,5487.33352384508,1652381.36546505
379,CLANDEBOYE,N08001112,19534.3701214019,15029820.5509579
380,COMBER NORTH,N08001113,12842.679523932,5817613.44730544
381,COMBER SOUTH,N08001114,34850.5795314184,35099615.8250171
382,COMBER WEST,N08001115,14846.0288236362,8880229.2560912
383,CONWAY SQUARE,N08001116,9872.73422739524,3223364.10611054
384,CRONSTOWN,N08001117,5770.29758284401,1157092.16136508
385,CULTRA,N08001118,23369.3703614425,17247922.0493721
386,DONAGHADEE,N08001119,9107.56165933247,1570515.73739066
387,GLEN,N08001120,13880.1729282894,6256339.14759878
388,GREGSTOWN,N08001121,5534.99038228439,1188411.22320439
389,GROOMSPORT,N08001122,19210.180548977,6744295.09355296
390,HARBOUR,N08001123,10483.734194435,1235678.33442729
391,HELEN'S BAY,N08001124,18106.5187384614,8246070.32778858
392,HOLYWOOD,N08001125,12225.1593477689,4912240.39615781
393,KILCOOLEY,N08001126,5039.41404671234,1141491.4273352
394,KILLINCHY,N08001127,47129.2751591721,76610593.8919689
395,KIRCUBBIN,N08001128,40499.5329682571,62805585.7068368
396,LOUGHRIES,N08001129,40333.4960692818,41090578.8589934
397,LOUGHVIEW,N08001130,12013.3435036623,4822105.87303762
398,MOVILLA,N08001131,7146.68699586921,1209892.69353927
399,PORTAFERRY,N08001132,47030.2968215563,42413515.1885473
400,PORTAVOGIE,N08001133,25916.2245380407,18372006.6178627
401,RATHGAEL,N08001134,5214.66909165261,1158195.6429642
402,RATHMORE,N08001135,4938.24337767424,1280571.61171255
403,SCRABO,N08001136,26291.4492464836,20878471.1277153
404,SILVERBIRCH,N08001137,4623.15134787701,825224.364723145
405,SILVERSTREAM,N08001138,4634.31030484846,746411.888004218
406,WARREN,N08001139,49517.2905402007,19354300.6850157
407,WEST WINDS,N08001140,15058.8218399,6439252.58106586
408,BALLYMACASH,N08000703,4638.64588557136,913999.649528674
409,WHITE MOUNTAIN,N08000740,19275.6790178146,13508482.4551365
410,ENLER,N08000716,3740.78037969055,621097.153626457
411,BALLYHANWOOD,N08000702,18822.3001031457,11396329.9512411
412,KNOCKBRACKEN,N08000724,10954.9785282969,3529138.12748402
413,MONEYREAGH,N08000734,26287.1686458718,25088059.7143766
414,KNOCKNASHINNA,N08001027,12407.3645028895,5208713.87472631
415,SKEOGE,N08000535,13055.9867081554,6148551.24838099
416,SPRINGTOWN,N08000537,6676.8887147156,1651134.77866249
417,SHANTALLOW EAST,N08000532,6976.28872677936,1768418.67740092
418,CULMORE,N08000513,21014.1370508444,8816492.53276366
419,STRABANE WEST,N08000539,5835.52368427408,1307939.09240239
420,AHOGHILL,N08000802,14795.748842523,6930113.45387757
421,HIGHTOWN,N08000123,5274.24775516808,896040.690014645
422,CLADY,N08000113,53268.3382746416,71447167.5003234
423,CAVEHILL,N08000314,9335.45763073472,3123412.76292228
424,POLEGLASS,N08000343,10661.0228847647,3010014.63718495
425,TERMON,N08000639,57756.8756539821,84422407.2614893
426,GORTIN,N08000622,54612.9945887708,90735256.4383188
427,FAIRY WATER,N08000619,64983.7804376851,110499718.005498
428,BELLEEK and BOA,N08000603,115225.288446792,195903941.268303
429,DRUMQUIN,N08000616,90385.8196119582,158306607.133582
430,COALISLAND NORTH,N08000912,22615.4088983862,12830209.5800365
431,SIXMILECROSS,N08000636,63868.2501902488,92768044.0704816
432,NEWTOWNSAVILLE,N08000631,67803.1041076225,81763180.2213413
433,FINTONA,N08000620,50068.61000859,61108727.7458772
434,TEMPO,N08000638,59714.1457274444,90487055.6946016
435,BROOKEBOROUGH,N08000606,77967.4285742922,123502727.824992
436,LISNASKEA,N08000628,11782.0785424664,5583537.70165602
437,LISBELLAW,N08000626,43681.5239328016,52284772.0854539
438,DONAGH,N08000613,67208.0233821207,109064019.740818
439,BESSBROOK,N08001007,11613.5683106326,3901263.60521681
440,GARNERVILLE,N08000329,8678.79410317259,2901996.83156534
441,STORMONT,N08000351,11868.0057325027,5325666.71705648
442,SHANDON,N08000347,8668.60537417235,2614308.0300893
443,GILNAHIRK,N08000330,6317.74824800256,1806885.68497413
444,KILLYCOMAIN,N08000222,8831.05931389072,2571346.13652387
445,BERAGH,N08000604,51475.1588611401,65920247.0695617
446,OWENKILLEW,N08000632,72573.3381319615,187298773.508313
447,DRUMNAKILLY,N08000615,50136.9602607612,47738274.5468439
448,EDERNEY and KESH,N08000617,48965.5853238977,75783200.3294866
449,DROMORE,N08000614,52114.0799004492,45155129.9856812
450,STEWARTSTOWN,N08000350,6277.98440562753,994464.74774029
451,DERGMONEY,N08000610,8920.71955844683,2372683.3522373
452,CAMOWEN,N08000607,12683.7982728153,4748455.38140041
453,TRILLICK,N08000640,51060.7952581314,88258551.7852056
454,BALLINAMALLARD,N08000601,39639.8358697562,38148618.5952017
455,NEWTOWNBUTLER,N08000630,87577.9283636498,90664342.5619127
456,IRVINESTOWN,N08000624,38199.5019994745,42277356.2557594
457,LISNARRICK,N08000627,53024.8790184394,75357092.1984792
458,CASTLECOOLE,N08000608,16389.4032228899,6617833.4184132
459,PORTORA,N08000633,14908.3297489751,4131858.62565467
460,ERNE,N08000618,9920.14086387233,3219419.38221596
461,HILLFOOT,N08000331,7982.73391798898,2621943.66624461
462,TORR HEAD and RATHLIN,N08000437,133421.389737588,253113060.892637
